{
  "results": [
    {
      "train_accuracy": [
        0.1999010390895596, 0.5477486392874814, 0.5729836714497774,
        0.5779317169717961, 0.5843641761504206, 0.6961900049480455,
        0.7219198416625433, 0.7179614052449282, 0.7214250371103414
      ],
      "iterations": [0, 500, 1000, 1500, 2000, 2500, 3000, 3500, 4000]
    },
    { "test_accuracy": 0.5691699604743083 }
  ]
}
