{
  "results": [
    {
      "cv": 0,
      "cv_accuracy": [0.08118811881188119, 0.592079207920792],
      "train_accuracy": [0.08641160949868074, 0.7664907651715039],
      "iterations": [0, 5000]
    },
    {
      "cv": 1,
      "cv_accuracy": [0.3940594059405941, 0.592079207920792],
      "train_accuracy": [0.3951187335092348, 0.7994722955145118],
      "iterations": [0, 5000]
    },
    {
      "cv": 2,
      "cv_accuracy": [0.3940594059405941, 0.6198019801980198],
      "train_accuracy": [0.3944591029023747, 0.8522427440633246],
      "iterations": [0, 5000]
    },
    {
      "cv": 3,
      "cv_accuracy": [0.3201581027667984, 0.5988142292490118],
      "train_accuracy": [0.333993399339934, 0.8046204620462046],
      "iterations": [0, 5000]
    }
  ]
}
