{
  "results": [
    {
      "cv": 1,
      "cv_accuracy": [
        0.08118811881188119, 0.5108910891089109, 0.5069306930693069,
        0.44356435643564357, 0.5504950495049505, 0.5504950495049505,
        0.5881188118811881, 0.5425742574257426, 0.5821782178217821,
        0.601980198019802, 0.592079207920792
      ],
      "train_accuracy": [
        0.08641160949868074, 0.5323218997361477, 0.5600263852242744,
        0.5164907651715039, 0.6246701846965699, 0.6398416886543535,
        0.6767810026385225, 0.6734828496042217, 0.7302110817941952,
        0.7605540897097626, 0.7664907651715039
      ],
      "iterations": [
        0, 500, 1000, 1500, 2000, 2500, 3000, 3500, 4000, 4500, 5000
      ]
    },
    {
      "cv": 3,
      "cv_accuracy": [
        0.394094059405941, 0.5405940594059406, 0.5544554455445545,
        0.5346534653465347, 0.5584158415841585, 0.5603960396039604,
        0.5584158415841585, 0.5801980198019802, 0.5702970297029702,
        0.5881188118811881, 0.592079207920792
      ],
      "train_accuracy": [
        0.3951187335092348, 0.5415567282321899, 0.5573878627968337,
        0.5976253298153035, 0.612796833773087, 0.6391820580474934,
        0.7209762532981531, 0.7440633245382586, 0.7651715039577837,
        0.7902374670184696, 0.7994722955145118
      ],
      "iterations": [
        0, 500, 1000, 1500, 2000, 2500, 3000, 3500, 4000, 4500, 5000
      ]
    },
    {
      "cv": 2,
      "cv_accuracy": [
        0.3940594059405941, 0.39603960396039606, 0.3940594059405941,
        0.5287128712871287, 0.46732673267326735, 0.5504950495049505,
        0.44554455445544555, 0.5267326732673268, 0.592079207920792,
        0.594059405940594, 0.6198019801980198
      ],
      "train_accuracy": [
        0.3944591029023747, 0.39577836411609496, 0.40105540897097625,
        0.5514511873350924, 0.5316622691292876, 0.6352242744063324,
        0.5653034300791556, 0.6886543535620053, 0.7697889182058048,
        0.8258575197889182, 0.8522427440633246
      ],
      "iterations": [
        0, 500, 1000, 1500, 2000, 2500, 3000, 3500, 4000, 4500, 5000
      ]
    },
    {
      "cv": 0,
      "cv_accuracy": [
        0.3201581027667984, 0.5553359683794467, 0.5276679841897233,
        0.5592885375494071, 0.4624505928853755, 0.5454545454545454,
        0.5889328063241107, 0.5454545454545454, 0.5849802371541502,
        0.6047430830039525, 0.5988142292490118
      ],
      "train_accuracy": [
        0.333993399339934, 0.5485148514851486, 0.5722772277227722,
        0.5795379537953795, 0.5564356435643565, 0.6363036303630363,
        0.6805280528052805, 0.7036303630363037, 0.7056105610561056,
        0.737953795379538, 0.8046204620462046
      ],
      "iterations": [
        0, 500, 1000, 1500, 2000, 2500, 3000, 3500, 4000, 4500, 5000
      ]
    }
  ]
}
