{
  "results": [
    {
      "cv": 0,
      "cv_accuracy": [
        0.3465346534653465, 0.5663366336633663, 0.5742574257425742,
        0.5821782178217821, 0.5861386138613861
      ],
      "train_accuracy": [
        0.3924802110817942, 0.7796833773087071, 0.7203166226912929,
        0.7189973614775725, 0.6655672823218998
      ],
      "lambda": [0.5, 0.75, 1, 1.25, 1.5]
    },
    {
      "cv": 1,
      "cv_accuracy": [
        0.6047430830039525, 0.6284584980237155, 0.5632411067193676,
        0.5731225296442688, 0.5454545454545454
      ],
      "train_accuracy": [
        0.8006600660066007, 0.7986798679867987, 0.6105610561056105,
        0.638943894389439, 0.5485148514851486
      ],
      "lambda": [0.5, 0.75, 1, 1.25, 1.5]
    },
    {
      "cv": 2,
      "cv_accuracy": [
        0.5584158415841585, 0.6, 0.5386138613861386, 0.5227722772277228,
        0.5089108910891089
      ],
      "train_accuracy": [
        0.7302110817941952, 0.7968337730870713, 0.645778364116095,
        0.5930079155672823, 0.5817941952506597
      ],
      "lambda": [0.5, 0.75, 1, 1.25, 1.5]
    },
    {
      "cv": 3,
      "cv_accuracy": [
        0.5623762376237624, 0.6, 0.5702970297029702, 0.5623762376237624,
        0.5544554455445545
      ],
      "train_accuracy": [
        0.5804749340369393, 0.7988126649076517, 0.712401055408971,
        0.6358839050131926, 0.6563324538258575
      ],
      "lambda": [0.5, 0.75, 1, 1.25, 1.5]
    }
  ]
}
